{
    "foo": 2.573288769286752,
    "bar": 2.0888960204622373,
    "step": 2,
    "metrics/mAP_0.5": 0.61736,
    "metrics/mAP_0.5:0.95": 0.42961000000000005,
    "name::property": 34,
    "nested/name/name::property": 34
}