{
    "foo": 29.611169186768464,
    "bar": 29.673642701595785,
    "step": 29
}