{
    "foo": 7.42315780959737,
    "bar": 7.250137309590663,
    "step": 7
}