{
    "foo": 11.796170220089934,
    "bar": 11.171555668327487,
    "step": 11
}