{
    "foo": 10.58539641423959,
    "bar": 10.94139233653177,
    "step": 10
}