{
    "foo": 3.2747209709897214,
    "bar": 3.309861870866415,
    "step": 3
}