{
    "foo": 2.573288769286752,
    "bar": 2.0888960204622373,
    "step": 2
}