{
    "foo": 19.233357409034962,
    "bar": 19.2847732580786,
    "step": 19
}