{
    "foo": 4.650465062584223,
    "bar": 4.460567934709858,
    "step": 4
}
