{
    "foo": 1.2880836533242355,
    "bar": 1.1651074123765013,
    "step": 1
}