{
    "foo": 30.168924968288508,
    "bar": 30.56840465777931,
    "step": 30
}