{
    "foo": 9.024225700726824,
    "bar": 9.244046656306928,
    "step": 9
}