{
    "foo": 12.417383855949936,
    "bar": 12.814319078023761,
    "step": 12
}