step	bar
0	0.947721049656455
1	1.5351962519344995
2	2.94668929833134
3	3.257280611175328
4	4.460567934709858
