step	bar
0	0.8600776460432862
1	1.6933707085526308
2	2.7343860234315596
3	3.309861870866415
