step	bar
0	0.7030169792253842
1	1.3796436653340143
2	2.4421029828534766
3	3.678399940436922
4	4.806160885467969
5	5.1304593472131526
6	6.983556129563774
7	7.250137309590663
