step	bar
0	0.2282345564341608
1	1.5599335666879401
2	2.0049847232518285
3	3.135757650915931
4	4.4384271256218515
5	5.078292556225589
6	6.760980597363789
7	7.803563128756487
8	8.94615651409723
9	9.76591252783388
10	10.740433996533543
11	11.171555668327487
