step	bar
0	0.8045719635472901
1	1.8826063571838296
2	2.0718067324697778
3	3.7856184076699684
4	4.38910841618792
5	5.737829680698653
6	6.497521474348904
7	7.557982194074816
8	8.919357278544863
9	9.724505365892748
10	10.758440608148751
11	11.208025967630057
12	12.814319078023761
