step	bar
0	0.11169941797387506
1	1.5097123663666614
2	2.8096639044161122
3	3.007093516880322
4	4.849639652083567
5	5.861150839618142
6	6.335585522560301
7	7.222057868231857
8	8.506933148079593
9	9.606761905510169
10	10.214937823685732
11	11.04473099373297
12	12.771597739569685
13	13.693866790233411
14	14.518105217337617
15	15.659930793927389
16	16.373000068780364
17	17.0523876818712
18	18.474869660478614
19	19.2847732580786
