step	bar
0	0.4358575995882139
1	1.7376353990774698
2	2.0888960204622373
