step	bar
0	0.19868310187388016
1	1.6405410605574602
2	2.4935019361446127
3	3.9888175374405472
4	4.62564057729477
5	5.732934520711807
6	6.682504369261739
7	7.924167237317648
8	8.095826942830971
9	9.51034470422701
10	10.94139233653177
