step	bar
0	0.3964236820741096
1	1.3241327804165923
2	2.934713851786945
3	3.3058858253156433
4	4.370020465598021
5	5.2228883161164426
6	6.9328732858417155
7	7.275178582685069
8	8.71405300445676
9	9.244046656306928
