step	bar
0	0.9162309837276347
1	1.1651074123765013
