step	foo
0	0.780701066934415
1	1.2880836533242355
