step	foo
0	0.7447321915029324
1	1.9721483347307713
2	2.95254281839304
3	3.1858693727640857
4	4.8763901265526535
5	5.265326931454592
6	6.176235025743075
7	7.950385553414634
8	8.277962825931244
9	9.281585434619183
10	10.294806032031499
11	11.470498264113052
12	12.417383855949936
