step	foo
0	0.42946357312932004
1	1.6637715735578658
2	2.4011074534042374
3	3.83699909792463
4	4.473289245700054
5	5.636315392018384
6	6.629406794940191
7	7.61121943837833
8	8.848948050408485
9	9.889049945067246
10	10.648593296928306
11	11.796170220089934
