step	foo
0	0.5886779038113369
1	1.8499800190259468
2	2.092600335712516
3	3.633899873299557
4	4.650465062584223
