step	foo
0	0.5533760074203573
1	1.9971856143597264
2	2.3099889065587966
3	3.9881447042855145
4	4.063744964521604
5	5.010845807886864
6	6.871818644867089
7	7.323401767831172
8	8.675585904651351
9	9.024225700726824
