step	foo
0	0.6307485084455414
1	1.8868437242878136
2	2.0244181641927987
3	3.2747209709897214
