step	foo
0	0.7788789856078939
1	1.349645708719048
2	2.983256422645683
3	3.967851895977132
4	4.856929970029768
5	5.978744586018726
6	6.218904028681837
7	7.489247226234075
8	8.267087211781904
9	9.917040548727448
10	10.8739432540859
11	11.835824101781212
12	12.649158745420985
13	13.067928807272422
14	14.82904268467181
15	15.188625709334476
16	16.80597213160695
17	17.07783972471728
18	18.095106982479294
19	19.233357409034962
