step	foo
0	0.37083554060022594
1	1.8458136581602393
2	2.573288769286752
