step	foo
0	0.8053774696758382
1	1.1293593961356576
2	2.792201784825522
3	3.4145676937324803
4	4.62845584780645
5	5.749486871684559
6	6.712615711283543
7	7.520385584199712
8	8.287073656331163
9	9.329011912177066
10	10.58539641423959
