step	foo
0	0.851585085190458
1	1.5533132109953094
2	2.6322280553464763
3	3.866514497106654
4	4.5944568194849795
5	5.995409826317085
6	6.7731162009915336
7	7.42315780959737
